name,volume,category,price
Honda Ultra LTD Motor Oil,4L,Engine Oil,0
Toyota SP 5W-30 Motor Oil,4L,Engine Oil,0
Unbranded/Generic Motor Oil,4L,Engine Oil,0
Toyota 5W-30 Motor Oil,4L,Engine Oil,0
Honda Ultra Mild Motor Oil,4L,Engine Oil,0
Toyota SP 0W-20 Motor Oil,4L,Engine Oil,0
Honda Ultra Leo Motor Oil,4L,Engine Oil,0
Nissan SN Motor Oil,4L,Engine Oil,0
Subaru Motor Oil,4L,Engine Oil,0
Mercedes Benz Lubricant,5L,Engine Oil,0
Toyota Motor Oil,4L,Engine Oil,0
Synthetic Motor Oil,4L,Engine Oil,0
Toyota 20W-50 Motor Oil,4L,Engine Oil,0
Toyota 15W-40 Motor Oil,4L,Engine Oil,0
Toyota CF-4 10W-30 Motor Oil,4L,Engine Oil,0
Idemitsu 10W-40 Motor Oil,4L,Engine Oil,0
Yamalube Motor Oil,1L,Engine Oil,0
Shell Helix HX3 15W-40,5L,Engine Oil,0
Cryx Excelia Petrol,1L,Engine Oil,0
Unbranded Motor Oil,4L,Engine Oil,0
Castrol Motor Oil,4L,Engine Oil,0
Castrol Magnatec,4L,Engine Oil,0
Castrol Lubricant,4L,Engine Oil,0
Mobil Special Motor Oil,1L,Engine Oil,0
Synthetic 5W-30 Motor Oil,5L,Engine Oil,0
Motor Oil,1L,Engine Oil,0
Lexus Motor Oil Fully Synthetic,4L,Engine Oil,0
Nissan Motor Oil,4L,Engine Oil,0
Motul Specific Motor Oil,5L,Engine Oil,0
Castrol Lubricant,1L,Engine Oil,0
Castrol Edge,4L,Engine Oil,0
Castrol Lubricants,4L,Engine Oil,0
Castrol Lubricants,1L,Engine Oil,0
Shell Helix HX5 13W-40,1L,Engine Oil,0
Total Lubricants,4L,Engine Oil,0
Total Quartz 5W-50,4L,Engine Oil,0
Total Quartz 5W-30,4L,Engine Oil,0
Total Lubricants,5L,Engine Oil,0
Total Quartz Lubricants,5L,Engine Oil,0
Total Quartz 0W-20,5L,Engine Oil,0
Total Quartz 10W-40,5L,Engine Oil,0
Total Quartz 5W-40,5L,Engine Oil,0
Castrol Magnatec,5L,Engine Oil,0
Castrol GTX,5L,Engine Oil,0
Synthetic Motor Oil,5L,Engine Oil,0
TP Premium Full Synthetic Pro 5W-30,4L,Engine Oil,0
Nissan Motor Oil,1L,Engine Oil,0
Synthetic Motor Oil,1L,Engine Oil,0
Yamalube,1L,Engine Oil,0
Castrol GTX,1L,Engine Oil,0
Castrol Magnatec Gold,5L,Engine Oil,0
Castrol GTX,4L,Engine Oil,0
Shell Helix HX3,4L,Engine Oil,0
Mobil 1,5L,Engine Oil,0
Total Lubricants,1L,Engine Oil,0
Total Quartz Lubricants,1L,Engine Oil,0
Total Quartz 10W-30,1L,Engine Oil,0
Mobil 1,1L,Engine Oil,0
Toyota 0W-20 Motor Oil,1L,Engine Oil,0
Toyota SP 5W-30 Motor Oil,1L,Engine Oil,0
Toyota 10W-30 Motor Oil,1L,Engine Oil,0
Engine Oil,4L,Engine Oil,0
Mercedes Benz Lubricant,1L,Engine Oil,0
Toyota Motor Oil,1L,Engine Oil,0
Liqui Moly,1L,Engine Oil,0
Toyota Lubricant,4L,Engine Oil,0
Honda ATF DW-1,4L,Transmission Fluid,0
Mitsubishi ATF SP III,4L,Transmission Fluid,0
ATF Fluid,4L,Transmission Fluid,0
Ecstar CVT Fluid Green 2,4L,Transmission Fluid,0
Mercon V Automatic Transmission Fluid,1L,Transmission Fluid,0
Mercon LV Automatic Transmission Fluid,5L,Transmission Fluid,0
Toyota AT Fluid WS,4L,Transmission Fluid,0
Honda ATF-Z1,4L,Transmission Fluid,0
Toyota WS AT Fluid,4L,Transmission Fluid,0
Toyota FE CVT Fluid,4L,Transmission Fluid,0
Aisin CFEx,4L,Transmission Fluid,0
Nissan CVT Fluid NS-2,4L,Transmission Fluid,0
Nissan CVT Fluid NS-3,4L,Transmission Fluid,0
Toyota ATF Type T-IV,4L,Transmission Fluid,0
Toyota AT Fluid T-IV,4L,Transmission Fluid,0
Honda HMMF Multi Matic Fluid,4L,Transmission Fluid,0
Toyota TC CVT Fluid,4L,Transmission Fluid,0
Toyota CVT Fluid FE,4L,Transmission Fluid,0
Toyota Automatic Transmission Fluid Type T-IV,4L,Transmission Fluid,0
Mitsubishi Motors ATF SP III,4L,Transmission Fluid,0
Toyota CVT Fluid TC,4L,Transmission Fluid,0
Honda HCF-2 Transmission Fluid,4L,Transmission Fluid,0
Subaru CVT Oil Lineartronic,4L,Transmission Fluid,0
ATF Fluid,1L,Transmission Fluid,0
Toyota ATF WS,1L,Transmission Fluid,0
Toyota AT Fluid T-IV,1L,Transmission Fluid,0
Toyota Genuine ATF,1L,Transmission Fluid,0
Toyota Automatic Transmission Fluid Type T-IV,1L,Transmission Fluid,0
Toyota CVT Fluid TC,1L,Transmission Fluid,0
Toyota CVT Fluid FE,1L,Transmission Fluid,0
Toyota AT Fluid WS,1L,Transmission Fluid,0
Heldo Lubricant,1L,Specialty Fluids,0
Unbranded Lubricant,1.5L,Specialty Fluids,0
Total Rubia 15W-40,5L,Specialty Fluids,0
Unbranded Lubricants,1L,Specialty Fluids,0
Ecstar,0.5L,Specialty Fluids,0
Lubricant,1L,Specialty Fluids,0
Lubricant,1L,Specialty Fluids,0
Lubricant,1L,Specialty Fluids,0
Unbranded Lubricants,5L,Specialty Fluids,0
Unbranded Lubricants,0.5L,Specialty Fluids,0
